{
  "models": {
    "lenet-5-small/k16": {
      "logrows": 16,
      "prove_times_s": [
        0.011178558999745292,
        0.004921395000565099,
        0.009577613000146812,
        0.007053946001178701,
        0.02232416200058651,
        0.014092739998886827,
        0.011846450999655644
      ],
      "verify_times_s": [
        0.0013612409984489204,
        0.0012378560004435712,
        0.0012331620000622934,
        0.0013211460009188158,
        0.0012122119987907354,
        0.0015381529992737342,
        0.001570107000588905
      ]
    },
    "lenet-5-small/k4": {
      "logrows": 4,
      "prove_times_s": [
        0.015625292000549962,
        0.006805348999478156,
        0.01046491600027366,
        0.007195526999566937,
        0.007867558000725694,
        0.0062406910001300275,
        0.006789929000660777
      ],
      "verify_times_s": [
        0.0026218410002911696,
        0.0012877129993285052,
        0.0012256549998710398,
        0.0012497120005718898,
        0.0012525330002972623,
        0.0012569560003612423,
        0.0012912460006191395
      ]
    },
    "lenet-5-small/k8": {
      "logrows": 8,
      "prove_times_s": [
        0.009545241999148857,
        0.010431446000438882,
        0.009579253000993049,
        0.024735279999731574,
        0.010788118999698781,
        0.01285434700002952,
        0.014511837000100059
      ],
      "verify_times_s": [
        0.0012388140003167791,
        0.0015061399990372593,
        0.0027825760007544886,
        0.0012996290006412892,
        0.0013251010004751151,
        0.0013680249994649785,
        0.002827264999723411
      ]
    },
    "repvgg-a0/k16": {
      "logrows": 16,
      "prove_times_s": [
        0.010129667000001064,
        0.010473587000888074,
        0.008339654999872437,
        0.0056528439999965485,
        0.006532727999001509,
        0.0056795569998939754,
        0.010662917000445304
      ],
      "verify_times_s": [
        0.0015341239995905198,
        0.0012573229996633017,
        0.001249077000466059,
        0.0010471349996805657,
        0.001289460999032599,
        0.0013192489986977307,
        0.0028277720011828933
      ]
    },
    "repvgg-a0/k4": {
      "logrows": 4,
      "prove_times_s": [
        0.010205364000285044,
        0.011349301999871386,
        0.011411548999603838,
        0.006646351999734179,
        0.006221457999345148,
        0.006285082999966107,
        0.0136052390007535
      ],
      "verify_times_s": [
        0.0012521120006567799,
        0.0016521950001333607,
        0.0012731900005746866,
        0.0012994780008739326,
        0.0012905349994980497,
        0.001241869000295992,
        0.0025530969996907515
      ]
    },
    "repvgg-a0/k8": {
      "logrows": 8,
      "prove_times_s": [
        0.01036568699964846,
        0.006023131998517783,
        0.011802064998846618,
        0.006146783000076539,
        0.006255317999602994,
        0.006023035999533022,
        0.010843835998457507
      ],
      "verify_times_s": [
        0.0016115540001919726,
        0.0012962879991391674,
        0.0026261549992341315,
        0.0010453100003360305,
        0.0010294419989804737,
        0.0012485699990065768,
        0.0015112330002011731
      ]
    },
    "vit/k16": {
      "logrows": 16,
      "prove_times_s": [
        0.010166015001232154,
        0.01670733100036159,
        0.01550350400066236,
        0.013776415999018354,
        0.006473874000221258,
        0.006688110001050518,
        0.011652416000288213
      ],
      "verify_times_s": [
        0.0015459229998668889,
        0.001357401999484864,
        0.001207040000736015,
        0.001540252000268083,
        0.0013776010000583483,
        0.0013850030009052716,
        0.0029698680009460077
      ]
    },
    "vit/k4": {
      "logrows": 4,
      "prove_times_s": [
        0.009940815998561447,
        0.010307992999514681,
        0.006371614001182024,
        0.006241332001081901,
        0.006817628000135301,
        0.00826627400056168,
        0.006509676999485237
      ],
      "verify_times_s": [
        0.0014944949998607626,
        0.0012390659994707676,
        0.001115965000280994,
        0.001036859001033008,
        0.0010703930001909612,
        0.001255731000128435,
        0.0014521310004056431
      ]
    },
    "vit/k8": {
      "logrows": 8,
      "prove_times_s": [
        0.00964602800013381,
        0.005392794000727008,
        0.006142244999864488,
        0.00998188899939123,
        0.00624636999964423,
        0.006003244998282753,
        0.010094924000441097
      ],
      "verify_times_s": [
        0.0013478649998432957,
        0.0011177120013599051,
        0.0012587900000653462,
        0.002737113998591667,
        0.0012271430005057482,
        0.0012444259991752915,
        0.0013951249984529568
      ]
    }
  }
}